Usuario,ContraseÃ±a,Nombre,Apellidos,email,Pais,Grupo
awindrass0,eS8`FkO&kqWG%1Z\,Aksel,Windrass,awindrass0@tripod.com,Peru,Marketing Manager
ckleszinski1,fU0/6VJ&cDw(,Chery,Kleszinski,ckleszinski1@engadget.com,Brazil,Environmental Tech
jabells2,eB4@F$6EE,Jeno,Abells,jabells2@cmu.edu,Nigeria,Structural Engineer
gload3,dI1_gCymCLjgH,Gerladina,Load,gload3@oaic.gov.au,United States,Software Consultant
jbendell4,"bQ7_""ToTFhU",Jade,Bendell,jbendell4@yahoo.co.jp,Poland,Human Resources Assistant III
blampel5,zG1/hhe_gE2yq_~4,Bonnie,Lampel,blampel5@mashable.com,Ethiopia,Tax Accountant
apretious6,wP6{M_ecfDOYAz,Ansell,Pretious,apretious6@lycos.com,Russia,Software Engineer II
mdrains7,qN1`kn4ri6,Mira,Drains,mdrains7@macromedia.com,Argentina,Account Representative I
ajohansson8,"mL0,nt4_",Angelina,Johansson,ajohansson8@slideshare.net,China,Assistant Media Planner
bmasserel9,sQ7{FY3ju,Bert,Masserel,bmasserel9@addtoany.com,El Salvador,Sales Associate
fgreevesa,"fC5""Y3v>}9",Frannie,Greeves,fgreevesa@prnewswire.com,Poland,Engineer II
ljervoiseb,uA0`C6WKemQ2&KK,Lebbie,Jervoise,ljervoiseb@utexas.edu,Russia,Systems Administrator III
swagnerc,pU4)/s=w(ZN}g&J,Shaun,Wagner,swagnerc@techcrunch.com,Philippines,Registered Nurse
trowlingd,wE0@0NO\,Tabbie,Rowling,trowlingd@army.mil,Poland,Sales Representative
mtrehere,iC5.2qJx$3sm3R,Manfred,Treher,mtrehere@time.com,Vietnam,Marketing Manager
tovidf,mQ2*`_}/QD8%7Wa,Thurstan,Ovid,tovidf@livejournal.com,Laos,Systems Administrator II
lawtong,"lU8""~sJq+gS~orB",Lionello,Awton,lawtong@amazon.com,Dominica,Programmer II
lmacredmondh,sR2%f!QB{4@n,Lara,MacRedmond,lmacredmondh@arizona.edu,Indonesia,Quality Control Specialist
bmckinlessi,tK3+\OVAqn$z,Bert,McKinless,bmckinlessi@engadget.com,Mongolia,Database Administrator I
drivalandj,bT1__C*w_1/&5d,Daniele,Rivaland,drivalandj@va.gov,China,Social Worker
sfilippellok,vY0@o0Za?l,Silvester,Filippello,sfilippellok@newsvine.com,China,Staff Accountant I
jbreslauerl,mZ9?=k.$,Julina,Breslauer,jbreslauerl@google.ca,Peru,Electrical Engineer
rsaffenm,rL0}%b%i~JF30b>$,Rebeca,Saffen,rsaffenm@nih.gov,Indonesia,Social Worker
asarsonsn,"bM2?`vY.&>zoYS,$",Andreana,Sarsons,asarsonsn@hostgator.com,Poland,Chemical Engineer
ftrunchiono,mO2}VXs&5/yX2.,Freddie,Trunchion,ftrunchiono@acquirethisname.com,Poland,Financial Analyst
mamnerp,lR2<*fDPwTnL,Melva,Amner,mamnerp@altervista.org,Brazil,Human Resources Assistant I
cdeboldq,lA2<vlY+/`*Cj/1,Cooper,Debold,cdeboldq@jimdo.com,Sweden,Paralegal
babisettir,aL3/9|DJ#}|Z,Barron,Abisetti,babisettir@ustream.tv,France,Tax Accountant
mdriffields,lZ8.4rTZm,Mufi,Driffield,mdriffields@networksolutions.com,Philippines,Geological Engineer
kklausewitzt,iL2?&%Ax%Z~L$oT,Kristan,Klausewitz,kklausewitzt@msu.edu,Slovenia,Structural Engineer
bbradfieldu,dV0*G'\x.aN,Britt,Bradfield,bbradfieldu@weebly.com,Russia,Chemical Engineer
fpalesv,hX1/H.%E*<!,Francyne,Pales,fpalesv@cnet.com,Sweden,Account Coordinator
mlandellsw,iS3+Ju7G+,Mariann,Landells,mlandellsw@house.gov,Portugal,Systems Administrator II
hclissellx,mA7+l=3.k7lPr'f*,Hedda,Clissell,hclissellx@deviantart.com,Philippines,Human Resources Assistant III
habrahamiy,"eI0,!AH!}",Hildy,Abrahami,habrahamiy@dropbox.com,Greece,Teacher
lfilipovicz,eZ9!~!z{<(,Lyon,Filipovic,lfilipovicz@berkeley.edu,Indonesia,Recruiting Manager
peliff10,fJ9.&ikly,Paquito,Eliff,peliff10@sciencedirect.com,Chile,Safety Technician I
rgrzelewski11,"dC6?$,D(.",Roxie,Grzelewski,rgrzelewski11@cbsnews.com,Tanzania,Human Resources Assistant III
tstrainge12,aU3_k2a?y~NHJCMs,Terrye,Strainge,tstrainge12@imageshack.us,Indonesia,VP Quality Control
tberkley13,dZ0>d|o{'31,Tana,Berkley,tberkley13@sun.com,Japan,Assistant Manager
ceusden14,tU0<8.jGO,Cecil,Eusden,ceusden14@zdnet.com,Canada,Desktop Support Technician
skestle15,uZ6)j#uXnB.O<>l,Sarene,Kestle,skestle15@cbc.ca,Czech Republic,Speech Pathologist
lkiebes16,cX7_{mlQ9w&,Lexis,Kiebes,lkiebes16@nyu.edu,Belarus,GIS Technical Architect
rleman17,"zU5#/i$b1yX_s""q",Rosemaria,Leman,rleman17@clickbank.net,Russia,Accountant II
dklossmann18,sZ4\b}MBG,Dorotea,Klossmann,dklossmann18@sciencedaily.com,China,Clinical Specialist
ahessle19,lB3?{cD=VY7,Austin,Hessle,ahessle19@joomla.org,Mauritius,Software Consultant
tchapling1a,aC9+J(J7,Towney,Chapling,tchapling1a@xrea.com,Albania,Senior Sales Associate
cgilding1b,nO5!0=A$J,Charis,Gilding,cgilding1b@fda.gov,Brazil,Help Desk Operator
aboyfield1c,rC7}n+='IJ<14,Alyosha,Boyfield,aboyfield1c@sourceforge.net,Sweden,Assistant Professor
jtargetter1d,"fE7\4WHstL5{,Xc",Jessika,Targetter,jtargetter1d@webmd.com,China,Tax Accountant
mstitt1e,"sX0""27`b!",Mirelle,Stitt,mstitt1e@go.com,China,Web Developer II
tperks1f,sV7(mlR.,Tiphany,Perks,tperks1f@intel.com,Indonesia,Research Assistant II
teaddy1g,"qE1%vZz""$&Iw4h",Torey,Eaddy,teaddy1g@godaddy.com,Mexico,Structural Engineer
tbettridge1h,fJ1}`8~<xc.o*hp,Thorpe,Bettridge,tbettridge1h@behance.net,Kazakhstan,Sales Associate
dherreros1i,xU4+7Wv\O,Deedee,Herreros,dherreros1i@zdnet.com,Indonesia,Geological Engineer
hofeeney1j,nB3~6W.n,Had,O'Feeney,hofeeney1j@ebay.com,Indonesia,Desktop Support Technician
tluggar1k,kN7(7?r1D=X,Teirtza,Luggar,tluggar1k@si.edu,Philippines,Associate Professor
dhame1l,eW0{|k<@k,Desi,Hame,dhame1l@abc.net.au,Russia,Quality Engineer
ypimblott1m,kN5$n+vHm,Yulma,Pimblott,ypimblott1m@fda.gov,Russia,Librarian
kwash1n,"xA6#cesxMjM""#",Kimmi,Wash,kwash1n@mapy.cz,China,Structural Analysis Engineer
redinboro1o,fH1''VeM@zeo,Radcliffe,Edinboro,redinboro1o@com.com,Afghanistan,Sales Associate
wjustis1p,qQ2\8X3XfeCC/,Will,Justis,wjustis1p@theguardian.com,China,Financial Advisor
cheibl1q,"vQ2}""mI2(X",Casey,Heibl,cheibl1q@comsenz.com,Mali,Data Coordinator
tteacy1r,"uE7@"">vBBm(>a&",Tyler,Teacy,tteacy1r@indiegogo.com,Russia,Junior Executive
nbranni1s,wE3&#cOLwDxFP$VE,Nat,Branni,nbranni1s@discovery.com,China,Teacher
llibbey1t,mL7!g%df,Laney,Libbey,llibbey1t@infoseek.co.jp,China,Automation Specialist II
porth1u,bB6%oBLn@iiQ_k@q,Pepillo,Orth,porth1u@cnn.com,Uruguay,Structural Engineer
ragg1v,hC7@Djlq?.(,Rona,Agg,ragg1v@naver.com,Greece,Human Resources Manager
efenwick1w,pJ2$P7nFo,Ernestus,Fenwick,efenwick1w@ow.ly,Brazil,Food Chemist
elawford1x,"aO2,c=nW8vir",Ester,Lawford,elawford1x@creativecommons.org,France,Accountant II
hthake1y,"nA1""D&1f.oC",Harp,Thake,hthake1y@example.com,Indonesia,Geologist II
fcheine1z,eG6}h2d)Xq,Fran,Cheine,fcheine1z@yahoo.co.jp,China,Programmer Analyst I
pancliff20,pY8'i_Cu{,Pattin,Ancliff,pancliff20@plala.or.jp,Colombia,Media Manager III
nchislett21,kL0%/Nvlq{2dn,Norah,Chislett,nchislett21@a8.net,China,Structural Engineer
rmacvicar22,cI5(Ju>T(41d,Rafi,MacVicar,rmacvicar22@blogs.com,United States,Editor
jallward23,aG5\H(a?|\Ti,Jilli,Allward,jallward23@blogger.com,Brazil,VP Quality Control
vstubbs24,iO4<D8BM`O,Vicki,Stubbs,vstubbs24@tripod.com,Poland,Recruiter
psargint25,sM2#mu$)O//.i,Priscella,Sargint,psargint25@topsy.com,Sweden,Tax Accountant
ryitzowitz26,"xD2(n""`T+x",Rodge,Yitzowitz,ryitzowitz26@hud.gov,Syria,Account Coordinator
tfatscher27,lY4`=ss(ga,Tanhya,Fatscher,tfatscher27@multiply.com,China,Physical Therapy Assistant
afollows28,zZ3\mM#TU2,Ax,Follows,afollows28@fastcompany.com,Djibouti,Safety Technician IV
mbradborne29,yZ8_yKu#y)A,Mac,Bradborne,mbradborne29@themeforest.net,Norway,Budget/Accounting Analyst II
ohairs2a,"yE1""sUa6R?",Orsa,Hairs,ohairs2a@elegantthemes.com,South Africa,Sales Representative
jschoenfisch2b,"rQ7~!xiu{n`>w,t",Jana,Schoenfisch,jschoenfisch2b@google.fr,Brazil,Accountant IV
clanahan2c,"yB0(,OA*%~SKs",Cyrus,Lanahan,clanahan2c@wix.com,Thailand,VP Sales
tcoram2d,mO3&2sQw.#,Tulley,Coram,tcoram2d@i2i.jp,Philippines,Accounting Assistant III
craun2e,iG3~KtA<Jw$kx!hd,Corrinne,Raun,craun2e@clickbank.net,Czech Republic,Analyst Programmer
tleve2f,cC8=tk3L,Terrijo,Leve,tleve2f@umich.edu,United States,Senior Financial Analyst
lreuben2g,jC6\r'wu#e`|,Lindsey,Reuben,lreuben2g@craigslist.org,France,Developer IV
ctrees2h,pC7?O{lHcQ=?}UIi,Christalle,Trees,ctrees2h@etsy.com,Indonesia,Analyst Programmer
atwiggs2i,wO3_q<55rxe+SI,Ariel,Twiggs,atwiggs2i@hatena.ne.jp,Peru,Safety Technician III
pkleisle2j,iY7@@3{9,Phillipe,Kleisle,pkleisle2j@trellian.com,France,Administrative Officer
gheistermann2k,iY7#EM\zF&_HBd)y,Gillie,Heistermann,gheistermann2k@freewebs.com,Philippines,Compensation Analyst
aceschelli2l,tK9\x{XoB9,Aridatha,Ceschelli,aceschelli2l@dmoz.org,Ukraine,Database Administrator III
achampkins2m,aY4\F\B!74AJj%,Andria,Champkins,achampkins2m@imageshack.us,China,Senior Editor
kgullen2n,"gH2,U@UXc",Kaine,Gullen,kgullen2n@imgur.com,Afghanistan,Web Designer IV
mkynnd2o,tD6!U3N3,Matty,Kynnd,mkynnd2o@cyberchimps.com,China,Computer Systems Analyst I
afeehely2p,"zP4""22E,n,/",Anet,Feehely,afeehely2p@irs.gov,China,Librarian
ukarsh2q,kF5<Pre1Jx0hvZ,Ugo,Karsh,ukarsh2q@epa.gov,Japan,Payment Adjustment Coordinator
lpruckner2r,"kB3,N`o5gKbyubQ",Lauren,Pruckner,lpruckner2r@ucla.edu,Peru,VP Accounting
